<?xml version="1.0" encoding="gbk"?>

<!DOCTYPE amoeba:dbServers SYSTEM "dbserver.dtd">
<amoeba:dbServers xmlns:amoeba="http://amoeba.meidusa.com/">

		<!-- 
			Each dbServer needs to be configured into a Pool,
			If you need to configure multiple dbServer with load balancing that can be simplified by the following configuration:
			 add attribute with name virtual = "true" in dbServer, but the configuration does not allow the element with name factoryConfig
			 such as 'multiPool' dbServer   
		-->
		
	<dbServer name="abstractServer" abstractive="true">
		<factoryConfig class="com.meidusa.amoeba.mysql.net.MysqlServerConnectionFactory">
			<property name="connectionManager">${defaultManager}</property>
			<property name="sendBufferSize">64</property>
			<property name="receiveBufferSize">128</property>
				
			<!-- mysql port -->
			<property name="port">3306</property>
			
			<!-- mysql schema -->
			<property name="schema">test</property>
			
			<!-- mysql user -->
			<property name="user">test111</property>
			
			<property name="password">111111</property>
		</factoryConfig>

		<poolConfig class="com.meidusa.toolkit.common.poolable.PoolableObjectPool">
			<property name="maxActive">500</property>
			<property name="maxIdle">500</property>
			<property name="minIdle">1</property>
			<property name="minEvictableIdleTimeMillis">600000</property>
			<property name="timeBetweenEvictionRunsMillis">600000</property>
			<property name="testOnBorrow">true</property>
			<property name="testOnReturn">true</property>
			<property name="testWhileIdle">true</property>
		</poolConfig>
	</dbServer>

	<dbServer name="server1"  parent="abstractServer">
		<factoryConfig>
			<!-- mysql ip -->
			<property name="ipAddress">127.0.0.1</property>
		</factoryConfig>
	</dbServer>
	
	<dbServer name="server2"  parent="abstractServer">
		<factoryConfig>
			<!-- mysql ip -->
			<property name="ipAddress">127.0.0.1</property>
		</factoryConfig>
	</dbServer>
	
	<dbServer name="multiPool" virtual="true">
		<poolConfig class="com.meidusa.amoeba.server.MultipleServerPool">
			<!-- Load balancing strategy: 1=ROUNDROBIN , 2=WEIGHTBASED , 3=HA-->
			<property name="loadbalance">1</property>
			
			<!-- Separated by commas,such as: server1,server2,server1 -->
			<property name="poolNames">server1</property>
		</poolConfig>
	</dbServer>
		
</amoeba:dbServers>
